{
  "model": "llama-3.1-8b-instant",
  "dataset": "dev.json",
  "total_examples": 1034,
  "exact_match_accuracy": 0.10735009671179883,
  "execution_match_accuracy": 0.5686653771760155,
  "execution_success_rate": 0.8578336557059961,
  "error_rate": 0.06866537717601548,
  "average_time_per_query": 0.6098999057102019,
  "total_time": 630.6365025043488,
  "per_database_accuracy": {
    "concert_singer": {
      "exact_match_accuracy": 0.06666666666666667,
      "execution_match_accuracy": 0.6,
      "execution_success_rate": 0.8,
      "total_examples": 45
    },
    "pets_1": {
      "exact_match_accuracy": 0.09523809523809523,
      "execution_match_accuracy": 0.47619047619047616,
      "execution_success_rate": 0.8095238095238095,
      "total_examples": 42
    },
    "car_1": {
      "exact_match_accuracy": 0.15217391304347827,
      "execution_match_accuracy": 0.358695652173913,
      "execution_success_rate": 0.7391304347826086,
      "total_examples": 92
    },
    "flight_2": {
      "exact_match_accuracy": 0.075,
      "execution_match_accuracy": 0.75,
      "execution_success_rate": 0.8,
      "total_examples": 80
    },
    "employee_hire_evaluation": {
      "exact_match_accuracy": 0.07894736842105263,
      "execution_match_accuracy": 0.6052631578947368,
      "execution_success_rate": 0.9473684210526315,
      "total_examples": 38
    },
    "cre_Doc_Template_Mgt": {
      "exact_match_accuracy": 0.07142857142857142,
      "execution_match_accuracy": 0.8214285714285714,
      "execution_success_rate": 0.9285714285714286,
      "total_examples": 84
    },
    "course_teach": {
      "exact_match_accuracy": 0.16666666666666666,
      "execution_match_accuracy": 0.7333333333333333,
      "execution_success_rate": 0.9666666666666667,
      "total_examples": 30
    },
    "museum_visit": {
      "exact_match_accuracy": 0.16666666666666666,
      "execution_match_accuracy": 0.6111111111111112,
      "execution_success_rate": 0.9444444444444444,
      "total_examples": 18
    },
    "wta_1": {
      "exact_match_accuracy": 0.14516129032258066,
      "execution_match_accuracy": 0.3709677419354839,
      "execution_success_rate": 0.8064516129032258,
      "total_examples": 62
    },
    "battle_death": {
      "exact_match_accuracy": 0.1875,
      "execution_match_accuracy": 0.375,
      "execution_success_rate": 0.875,
      "total_examples": 16
    },
    "student_transcripts_tracking": {
      "exact_match_accuracy": 0.11538461538461539,
      "execution_match_accuracy": 0.5256410256410257,
      "execution_success_rate": 0.8333333333333334,
      "total_examples": 78
    },
    "tvshow": {
      "exact_match_accuracy": 0.0,
      "execution_match_accuracy": 0.5967741935483871,
      "execution_success_rate": 0.8709677419354839,
      "total_examples": 62
    },
    "poker_player": {
      "exact_match_accuracy": 0.3,
      "execution_match_accuracy": 0.9,
      "execution_success_rate": 0.975,
      "total_examples": 40
    },
    "voter_1": {
      "exact_match_accuracy": 0.13333333333333333,
      "execution_match_accuracy": 0.8,
      "execution_success_rate": 0.9333333333333333,
      "total_examples": 15
    },
    "world_1": {
      "exact_match_accuracy": 0.05,
      "execution_match_accuracy": 0.3416666666666667,
      "execution_success_rate": 0.875,
      "total_examples": 120
    },
    "orchestra": {
      "exact_match_accuracy": 0.25,
      "execution_match_accuracy": 0.75,
      "execution_success_rate": 0.925,
      "total_examples": 40
    },
    "network_1": {
      "exact_match_accuracy": 0.07142857142857142,
      "execution_match_accuracy": 0.42857142857142855,
      "execution_success_rate": 0.8214285714285714,
      "total_examples": 56
    },
    "dog_kennels": {
      "exact_match_accuracy": 0.012195121951219513,
      "execution_match_accuracy": 0.5609756097560976,
      "execution_success_rate": 0.8658536585365854,
      "total_examples": 82
    },
    "singer": {
      "exact_match_accuracy": 0.36666666666666664,
      "execution_match_accuracy": 0.8333333333333334,
      "execution_success_rate": 0.8666666666666667,
      "total_examples": 30
    },
    "real_estate_properties": {
      "exact_match_accuracy": 0.0,
      "execution_match_accuracy": 0.5,
      "execution_success_rate": 1.0,
      "total_examples": 4
    }
  },
  "has_gold_sql": true,
  "mcts_used": true,
  "mcts_iterations": 25,
  "mcts_usage_rate": 0.6982591876208898,
  "mcts_statistics": {
    "direct_generation_count": 241,
    "mcts_generation_count": 722,
    "direct_generation_accuracy": 0.7053941908713693,
    "mcts_generation_accuracy": 0.5789473684210527,
    "direct_generation_success_rate": 0.9128630705394191,
    "mcts_generation_success_rate": 0.9238227146814404
  }
}