{
  "model": "llama-3.1-8b-instant",
  "dataset": "dev.json",
  "total_examples": 1034,
  "exact_match_accuracy": 0.033849129593810444,
  "execution_match_accuracy": 0.13249516441005801,
  "execution_success_rate": 0.15860735009671179,
  "error_rate": 0.8404255319148937,
  "average_time_per_query": 3.5999162607543473,
  "total_time": 3722.313413619995,
  "per_database_accuracy": {
    "concert_singer": {
      "exact_match_accuracy": 0.044444444444444446,
      "execution_match_accuracy": 0.17777777777777778,
      "execution_success_rate": 0.2,
      "mcts_usage_rate": 0.0,
      "total_examples": 45
    },
    "pets_1": {
      "exact_match_accuracy": 0.09523809523809523,
      "execution_match_accuracy": 0.19047619047619047,
      "execution_success_rate": 0.2619047619047619,
      "mcts_usage_rate": 0.0,
      "total_examples": 42
    },
    "car_1": {
      "exact_match_accuracy": 0.07608695652173914,
      "execution_match_accuracy": 0.14130434782608695,
      "execution_success_rate": 0.20652173913043478,
      "mcts_usage_rate": 0.0,
      "total_examples": 92
    },
    "flight_2": {
      "exact_match_accuracy": 0.075,
      "execution_match_accuracy": 0.5125,
      "execution_success_rate": 0.525,
      "mcts_usage_rate": 0.0,
      "total_examples": 80
    },
    "employee_hire_evaluation": {
      "exact_match_accuracy": 0.05263157894736842,
      "execution_match_accuracy": 0.18421052631578946,
      "execution_success_rate": 0.34210526315789475,
      "mcts_usage_rate": 0.0,
      "total_examples": 38
    },
    "cre_Doc_Template_Mgt": {
      "exact_match_accuracy": 0.03571428571428571,
      "execution_match_accuracy": 0.32142857142857145,
      "execution_success_rate": 0.36904761904761907,
      "mcts_usage_rate": 0.0,
      "total_examples": 84
    },
    "course_teach": {
      "exact_match_accuracy": 0.06666666666666667,
      "execution_match_accuracy": 0.3333333333333333,
      "execution_success_rate": 0.3333333333333333,
      "mcts_usage_rate": 0.0,
      "total_examples": 30
    },
    "museum_visit": {
      "exact_match_accuracy": 0.1111111111111111,
      "execution_match_accuracy": 0.16666666666666666,
      "execution_success_rate": 0.16666666666666666,
      "mcts_usage_rate": 0.0,
      "total_examples": 18
    },
    "wta_1": {
      "exact_match_accuracy": 0.06451612903225806,
      "execution_match_accuracy": 0.08064516129032258,
      "execution_success_rate": 0.14516129032258066,
      "mcts_usage_rate": 0.0,
      "total_examples": 62
    },
    "battle_death": {
      "exact_match_accuracy": 0.0625,
      "execution_match_accuracy": 0.125,
      "execution_success_rate": 0.1875,
      "mcts_usage_rate": 0.0,
      "total_examples": 16
    },
    "student_transcripts_tracking": {
      "exact_match_accuracy": 0.02564102564102564,
      "execution_match_accuracy": 0.16666666666666666,
      "execution_success_rate": 0.1794871794871795,
      "mcts_usage_rate": 0.0,
      "total_examples": 78
    },
    "tvshow": {
      "exact_match_accuracy": 0.0,
      "execution_match_accuracy": 0.0,
      "execution_success_rate": 0.0,
      "mcts_usage_rate": 0.0,
      "total_examples": 62
    },
    "poker_player": {
      "exact_match_accuracy": 0.0,
      "execution_match_accuracy": 0.0,
      "execution_success_rate": 0.0,
      "mcts_usage_rate": 0.0,
      "total_examples": 40
    },
    "voter_1": {
      "exact_match_accuracy": 0.0,
      "execution_match_accuracy": 0.0,
      "execution_success_rate": 0.0,
      "mcts_usage_rate": 0.0,
      "total_examples": 15
    },
    "world_1": {
      "exact_match_accuracy": 0.0,
      "execution_match_accuracy": 0.0,
      "execution_success_rate": 0.0,
      "mcts_usage_rate": 0.0,
      "total_examples": 120
    },
    "orchestra": {
      "exact_match_accuracy": 0.0,
      "execution_match_accuracy": 0.0,
      "execution_success_rate": 0.0,
      "mcts_usage_rate": 0.0,
      "total_examples": 40
    },
    "network_1": {
      "exact_match_accuracy": 0.0,
      "execution_match_accuracy": 0.0,
      "execution_success_rate": 0.0,
      "mcts_usage_rate": 0.0,
      "total_examples": 56
    },
    "dog_kennels": {
      "exact_match_accuracy": 0.0,
      "execution_match_accuracy": 0.0,
      "execution_success_rate": 0.0,
      "mcts_usage_rate": 0.0,
      "total_examples": 82
    },
    "singer": {
      "exact_match_accuracy": 0.0,
      "execution_match_accuracy": 0.0,
      "execution_success_rate": 0.0,
      "mcts_usage_rate": 0.0,
      "total_examples": 30
    },
    "real_estate_properties": {
      "exact_match_accuracy": 0.0,
      "execution_match_accuracy": 0.0,
      "execution_success_rate": 0.0,
      "mcts_usage_rate": 0.0,
      "total_examples": 4
    }
  },
  "has_gold_sql": true,
  "few_shot_examples": null,
  "use_mcts": true,
  "mcts_iterations": 5,
  "mcts_usage_rate": 0.0,
  "direct_vs_mcts": {
    "direct_count": 165,
    "mcts_count": 0,
    "direct_accuracy": 0.8303030303030303,
    "mcts_accuracy": 0,
    "direct_success_rate": 0.9939393939393939,
    "mcts_success_rate": 0
  }
}