{
  "model": "llama-3.1-8b-instant",
  "datasets": [
    "dev.json"
  ],
  "mcts_used": true,
  "mcts_iterations": 25,
  "per_dataset_results": {
    "dev.json": {
      "exact_match_accuracy": 0.004835589941972921,
      "execution_match_accuracy": 0.03481624758220503,
      "execution_success_rate": 0.047388781431334626,
      "error_rate": 0.9526112185686654,
      "average_time_per_query": 0.39004349754672907,
      "total_examples": 1034,
      "mcts_usage_rate": 0.0
    }
  },
  "overall_metrics": {
    "total_examples": 1034,
    "exact_match_count": 5,
    "exec_match_count": 36,
    "exec_success_count": 49,
    "error_count": 985,
    "total_time": 403.30497646331787,
    "mcts_used_count": 0,
    "exact_match_accuracy": 0.004835589941972921,
    "execution_match_accuracy": 0.03481624758220503,
    "execution_success_rate": 0.047388781431334626,
    "error_rate": 0.9526112185686654,
    "average_time_per_query": 0.39004349754672907,
    "mcts_usage_rate": 0.0
  }
}